id,name,model_id:id,group_id:id,perm_read,perm_write,perm_create,perm_unlink
ug_base_distrib.access_distrib_distributors_user,access_distrib_distributors_user,ug_base_distrib.model_distrib_distributors,ug_base_distrib.group_distrib_user,1,0,0,0
ug_base_distrib.access_distrib_distributors_manager,access_distrib_distributors_manager,ug_base_distrib.model_distrib_distributors,ug_base_distrib.group_distrib_manager,1,1,1,1

ug_base_distrib.access_distrib_distributors_move_user,access_distrib_distributors_move_user,ug_base_distrib.model_distrib_distributors_move,ug_base_distrib.group_distrib_user,1,1,1,0
ug_base_distrib.access_distrib_distributors_move_manager,access_distrib_distributors_move_manager,ug_base_distrib.model_distrib_distributors_move,ug_base_distrib.group_distrib_manager,1,1,1,1

ug_base_distrib.access_distrib_distributors_move_line_user,access_distrib_distributors_move_line_user,ug_base_distrib.model_distrib_distributors_move_line,ug_base_distrib.group_distrib_user,1,1,1,1
ug_base_distrib.access_distrib_distributors_move_statistic,access_distrib_distributors_move_statistic,ug_base_distrib.model_distrib_distributors_move_statistic,ug_base_distrib.group_distrib_user,1,0,0,0
ug_base_distrib.access_distrib_quant,access_distrib_quant,ug_base_distrib.model_distrib_quant,ug_base_distrib.group_distrib_user,1,1,1,1

ug_base_distrib.access_distrib_product_theme_user,access_distrib_product_theme_user,ug_base_distrib.model_distrib_product_theme,ug_base_distrib.group_distrib_user,1,0,0,0
ug_base_distrib.access_distrib_product_theme_manager,access_distrib_product_theme_manager,ug_base_distrib.model_distrib_product_theme,ug_base_distrib.group_distrib_manager,1,1,1,1

ug_base_distrib.access_distrib_sales_channels_user,access_distrib_sales_channels_user,ug_base_distrib.model_distrib_sales_channels,ug_base_distrib.group_distrib_user,1,0,0,0
ug_base_distrib.access_distrib_sales_channels_manager,access_distrib_sales_channels_manager,ug_base_distrib.model_distrib_sales_channels,ug_base_distrib.group_distrib_manager,1,1,1,1
ug_base_distrib.access_distrib_move_channels_statistic,access_distrib_move_channels_statistic,ug_base_distrib.model_distrib_move_channels_statistic,ug_base_distrib.group_distrib_user,1,0,0,0

ug_base_distrib.access_distrib_types_marketings_user,access_distrib_types_marketings_user,ug_base_distrib.model_distrib_types_marketings,ug_base_distrib.group_distrib_user,1,0,0,0
ug_base_distrib.access_distrib_types_marketings_manager,access_distrib_types_marketings_manager,ug_base_distrib.model_distrib_types_marketings,ug_base_distrib.group_distrib_manager,1,1,1,1

ug_base_distrib.access_distrib_marketing_expenses_user,access_distrib_marketing_expenses_user,ug_base_distrib.model_distrib_marketing_expenses,ug_base_distrib.group_distrib_user,1,1,1,0
ug_base_distrib.access_distrib_marketing_expenses_manager,access_distrib_marketing_expenses_manager,ug_base_distrib.model_distrib_marketing_expenses,ug_base_distrib.group_distrib_manager,1,1,1,1

ug_base_distrib.access_distrib_budget_move,access_distrib_budget_move,ug_base_distrib.model_distrib_budget_move,ug_base_distrib.group_distrib_user,1,1,1,0
ug_base_distrib.access_distrib_budget_move_line,access_distrib_budget_move_line,ug_base_distrib.model_distrib_budget_move_line,ug_base_distrib.group_distrib_user,1,1,1,0
ug_base_distrib.access_distrib_budget_move_manager,access_distrib_budget_move_manager,ug_base_distrib.model_distrib_budget_move,ug_base_distrib.group_distrib_manager,1,1,1,1
ug_base_distrib.access_distrib_budget_move_line_manager,access_distrib_budget_move_line_manager,ug_base_distrib.model_distrib_budget_move_line,ug_base_distrib.group_distrib_manager,1,1,1,1

ug_base_distrib.access_distrib_marketing_expenses_line,access_distrib_marketing_expenses_line,ug_base_distrib.model_distrib_marketing_expenses_line,ug_base_distrib.group_distrib_user,1,1,1,1

ug_base_distrib.access_ug_distrib_import_move,access_ug_distrib_import_move,ug_base_distrib.model_ug_distrib_import_move,ug_base_distrib.group_distrib_user,1,1,1,1
ug_base_distrib.access_ug_distrib_import_move_list,access_ug_distrib_import_move_list,ug_base_distrib.model_ug_distrib_import_move_list,ug_base_distrib.group_distrib_user,1,1,1,1

ug_base_distrib.access_ug_distrib_import_inventory,access_ug_distrib_import_inventory,ug_base_distrib.model_ug_distrib_import_inventory,ug_base_distrib.group_distrib_user,1,1,1,1
ug_base_distrib.access_ug_distrib_import_inventory_list,access_ug_distrib_import_inventory_list,ug_base_distrib.model_ug_distrib_import_inventory_list,ug_base_distrib.group_distrib_user,1,1,1,1

ug_base_distrib.access_ug_distrib_import_expenses,access_ug_distrib_import_expenses,ug_base_distrib.model_ug_distrib_import_expenses,ug_base_distrib.group_distrib_user,1,1,1,1
ug_base_distrib.access_ug_distrib_import_expenses_list,access_ug_distrib_import_expenses_list,ug_base_distrib.model_ug_distrib_import_expenses_list,ug_base_distrib.group_distrib_user,1,1,1,1
ug_base_distrib.access_distrib_regions,access_distrib_regions,ug_base_distrib.model_distrib_regions,ug_base_distrib.group_distrib_user,1,0,0,0
ug_base_distrib.access_distrib_regions_manager,access_distrib_regions.manager,ug_base_distrib.model_distrib_regions,ug_base_distrib.group_distrib_manager,1,1,0,0
ug_base_distrib.access_distrib_regions_root,access_distrib_regions.root,ug_base_distrib.model_distrib_regions,base.group_system,1,1,1,1

access_distrib_product_template_manager,access_distrib_product_template.manager,product.model_product_template,ug_base_distrib.group_distrib_manager,1,1,0,0

access_distrib_ir_actions_client,access_distrib_ir_actions_client.user,base.model_ir_actions_client,ug_base_distrib.group_distrib_user,1,0,0,0
access_distrib_ir_model_data,access_distrib_ir_model_data.user,base.model_ir_model_data,ug_base_distrib.group_distrib_user,1,0,0,0

ug_base_distrib.access_ug_distrib_import_budget,access_ug_distrib_import_budget,ug_base_distrib.model_ug_distrib_import_budget,ug_base_distrib.group_distrib_user,1,1,1,1
ug_base_distrib.access_ug_distrib_import_budget_list,access_ug_distrib_import_budget_list,ug_base_distrib.model_ug_distrib_import_budget_list,ug_base_distrib.group_distrib_user,1,1,1,1

ug_base_distrib.access_report_distrib_quantity,access_report_distrib_quantity,ug_base_distrib.model_report_distrib_quantity,ug_base_distrib.group_distrib_user,1,1,1,1
ug_base_distrib.access_report_distrib_expenses,access_report_distrib_expenses,ug_base_distrib.model_report_distrib_expenses,ug_base_distrib.group_distrib_user,1,1,1,1
ug_base_distrib.access_report_distrib_sales,access_report_distrib_sales,ug_base_distrib.model_report_distrib_sales,ug_base_distrib.group_distrib_user,1,1,1,1
ug_base_distrib.access_report_distrib_turnover_quantity,access_report_distrib_turnover_quantity,ug_base_distrib.model_report_distrib_turnover_quantity,ug_base_distrib.group_distrib_user,1,1,1,1
ug_base_distrib.access_report_distrib_plan_fact,access_report_distrib_plan_fact,ug_base_distrib.model_report_distrib_plan_fact,ug_base_distrib.group_distrib_user,1,1,1,1

ug_base_distrib.access_distrib_quant_history,access_distrib_quant_history,ug_base_distrib.model_distrib_quant_history,ug_base_distrib.group_distrib_user,1,1,1,0
ug_base_distrib.access_distrib_quantity_history,access_distrib_quantity_history,ug_base_distrib.model_distrib_quantity_history,ug_base_distrib.group_distrib_user,1,1,1,1
ug_base_distrib.access_distrib_quant_totals,access_distrib_quant_totals,ug_base_distrib.model_distrib_quant_totals,ug_base_distrib.group_distrib_user,1,1,1,1
ug_base_distrib.access_distrib_point_relevance,access_distrib_point_relevance,ug_base_distrib.model_distrib_point_relevance,base.group_user,1,1,1,1